{
  "total_tasks": 5,
  "solved_tasks": 0,
  "success_rate": 0.0,
  "average_time": 0.002801942825317383,
  "total_time": 0.014009714126586914
}