{
  "training_time_minutes": 25.970845437049867,
  "best_loss": 0.15192614961266518,
  "final_loss": 0.15192614961266518,
  "epochs": 6,
  "batch_size": 8,
  "learning_rate": 0.001,
  "device": "cuda",
  "training_history": [
    0.23460628332297007,
    0.19290611531734467,
    0.18150198253393174,
    0.17051912269492944,
    0.15923971204857032,
    0.15192614961266518
  ],
  "primitive_names": [
    "align_objects",
    "colorfilter",
    "complete_symmetry",
    "conditional_transform",
    "count_objects",
    "crop",
    "fill",
    "find_pattern_repetition",
    "find_symmetry_axis",
    "horizontal_mirror",
    "remove",
    "rotate180",
    "rotate270",
    "rotate90",
    "select_largest_object",
    "select_smallest_object",
    "vertical_mirror"
  ]
}