{
  "total_tasks": 5,
  "solved_tasks": 0,
  "success_rate": 0.0,
  "average_time": 0.0004002094268798828,
  "total_time": 0.002001047134399414
}