{
  "total_tasks": 3,
  "solved_tasks": 0,
  "timeout_tasks": 0,
  "success_rate": 0.0,
  "timeout_rate": 0.0,
  "average_accuracy": 0.0,
  "average_processing_time": 43.214635292689,
  "total_time": 131.1860158443451,
  "tasks_per_minute": 1.3720974666505132
}